paperId,primaryRoute,edition,url,verification,submittedTableRows
prajwal2020lip,gan,2008.10010v1,https://arxiv.org/pdf/2008.10010v1,inherited-extraction; not fully rechecked,"[{""table"": ""tab:gan-methods"", ""tex"": ""Wav2Lip+\\allowbreak GAN~\\cite{prajwal2020lip} & Feed-forward RGB face-crop generator; identity-general & Face-crop rather than full-canvas synthesis; training-only sync and quality critics & FPS, hardware, resolution, TTFF, and timer NR & Stateless framewise generation; evaluated duration NR \\\\""}]"
zhang2024musetalk,gan,2410.10122v3,https://arxiv.org/pdf/2410.10122v3,inherited-extraction; not fully rechecked,"[{""table"": ""tab:gan-methods"", ""tex"": ""MuseTalk~\\cite{zhang2024musetalk} & U-Net-generated lower-face VAE latent; no subject adaptation & One-call regional latent prediction; reusable blend mask & 30~FPS, $256^2$, one V100, preloaded data; included stages NR & Single-frame jitter reported; quantitative long-horizon evidence NR \\\\""}]"
wang2023seeing,gan,publication PDF; edition requires inspection,https://openaccess.thecvf.com/content/CVPR2023/html/Wang_Seeing_What_You_Said_Talking_Face_Generation_Guided_by_a_CVPR_2023_paper.html,inherited-extraction; not fully rechecked,"[{""table"": ""tab:gan-methods"", ""tex"": ""TalkLip~\\cite{wang2023seeing} & Feed-forward $96^2$ RGB face-crop generator; identity-general & Training-only lip-reading expert improves intelligibility & FPS, latency, hardware, parameters, and timer NR & Stateless framewise generation; long-horizon evidence NR \\\\""}]"
lu2021live,gan,2109.10595v2,https://arxiv.org/pdf/2109.10595v2,inherited-extraction; not fully rechecked,"[{""table"": ""tab:gan-methods"", ""tex"": ""Live Speech Portraits~\\cite{lu2021live} & Person-specific adversarial portrait generator & Compact predicted motion; person-specific appearance & Source-reported 30~FPS system rate on a consumer GPU; timer boundary NR & Recurrent motion prediction; long-horizon evidence NR \\\\""}]"
tan2024edtalk,gan,2404.01647v1,https://arxiv.org/pdf/2404.01647v1,inherited-extraction; not fully rechecked,"[{""table"": ""tab:gan-methods"", ""tex"": ""EDTalk~\\cite{tan2024edtalk} & Adversarial RGB generator controlled by mouth/pose/expression banks; one-shot & Compact reusable bases and progressive freezing & Inference timing NR; about 7~h disentanglement training on two 3090 GPUs & Compact controller state only; long-horizon evidence NR \\\\""}]"
tan2024flowvqtalker,gan,2403.06375v3,https://arxiv.org/pdf/2403.06375v3,inherited-extraction; not fully rechecked,"[{""table"": ""tab:gan-methods"", ""tex"": ""FlowVQ\\allowbreak Talker~\\cite{tan2024flowvqtalker} & Adversarial VQ image generator; full $512^2$ portrait & Compact coefficient control and learned spatial codebook & Inference FPS, latency, hardware, memory, and timer NR & Coefficient history in the controller; long-horizon evidence NR \\\\""}]"
tan2025fixtalk,gan,publication PDF; edition requires inspection,https://openaccess.thecvf.com/content/ICCV2025/html/Tan_FixTalk_Taming_Identity_Leakage_for_High-Quality_Talking_Head_Generation_in_ICCV_2025_paper.html,inherited-extraction; not fully rechecked,"[{""table"": ""tab:gan-methods"", ""tex"": ""FixTalk~\\cite{tan2025fixtalk} & Adversarial dense portrait generator; one-shot & Identity-suppressing EMI and compressed memory-retrieved EDI detail & 27.601~FPS on A100 80~GB; $512^2$ data, full timer boundary NR & Retrieval memory (weak L2); TTFF and long-horizon evidence NR \\\\""}]"
wang2023styleavatar,rendering,2305.00942v1,https://arxiv.org/pdf/2305.00942v1,inherited-extraction; not fully rechecked,"[{""table"": ""tab:gan-methods"", ""tex"": ""StyleAvatar~\\cite{wang2023styleavatar} & Person-specific compositional StyleUNet stack; full portrait & Static regional features, wavelet-domain processing, FP16 TensorRT & Source-labeled ``live system'': 35~FPS / 28~ms on one RTX~3090; 20~ms model-only component & Subject-specific enrollment as L1 anchor; Stable drift evaluation NR \\\\""}]"
zhong2025fada,diffusion,2412.16915v2,https://arxiv.org/pdf/2412.16915v2,inherited-extraction; not fully rechecked,"[{""table"": ""tab:diffusion-methods-fast"", ""tex"": ""FADA~\\cite{zhong2025fada} & PeRFlow and multi-CFG folding & 6 steps; $75\\rightarrow18/6$ NFE-D & $4.17\\times/12.5\\times$ NFE-D ratio & Hardware, FPS, and wall-clock time NR \\\\""}]"
yu2025llia,diffusion,2506.05806v1,https://arxiv.org/pdf/2506.05806v1,inherited-extraction; not fully rechecked,"[{""table"": ""tab:diffusion-methods-fast"", ""tex"": ""LLIA~\\cite{yu2025llia} & 2-step consistency, INT8, pipeline & 2/4 steps; strict NFE NR & 78 FPS steady state; source-defined approximately 140 ms initial/state-switch four-frame response & RTX 4090D, $384^2$; 12-frame steady-state and 4-frame startup settings \\\\""}]"
du2026rap,diffusion,2508.05115v2,https://arxiv.org/pdf/2508.05115v2,inherited-extraction; not fully rechecked,"[{""table"": ""tab:diffusion-methods-fast"", ""tex"": ""RAP~\\cite{du2026rap} & Compressed LTX latent, hybrid attention & Strict NFE NR & 42.41 / 39.87 FPS & One A800, $512^2$; complete timing boundary NR \\\\""}]"
long2026lightning,diffusion,2509.00052v2,https://arxiv.org/pdf/2509.00052v2,inherited-extraction; not fully rechecked,"[{""table"": ""tab:diffusion-methods-fast"", ""tex"": ""LightningCP~\\cite{long2026lightning} & Feature cache, parallel denoising & Steps / NFE NR & Hallo U-Net 23.692$\\rightarrow$7.528 s/clip & One-GPU baseline versus unspecified multi-A800 method; not end-to-end \\\\""}]"
ma2026follow,diffusion,2509.16630v1,https://arxiv.org/pdf/2509.16630v1,inherited-extraction; not fully rechecked,"[{""table"": ""tab:diffusion-methods-fast"", ""tex"": ""Follow-Your-Emoji-Faster~\\cite{ma2026follow} & Timestep-aware cache & 30 DDIM steps; NFE NR & U-Net 6.28$\\rightarrow$2.36 s & 64 frames, $256^2$; inference hardware NR \\\\""}]"
li2026personalive,diffusion,2512.11253v1,https://arxiv.org/pdf/2512.11253v1,inherited-extraction; not fully rechecked,"[{""table"": ""tab:diffusion-methods-fast"", ""tex"": ""PersonaLive~\\cite{li2026personalive} & 4-step micro-chunks, optional TinyVAE & 4 denoising steps; amortized NFE NR & 15.82 FPS; 0.253 s mean inter-chunk latency & One H100, $512^2$, default SD-VAE; not first-frame latency \\\\""}, {""table"": ""tab:diffusion-methods-long"", ""tex"": ""PersonaLive~\\cite{li2026personalive} & Four-step micro-chunk window & Motion-distance keyframe selection (L2); bank cap/eviction NR & Quantitative: LV100 (100 clips, at least 1 min); demonstration-only: 2700 generated frames & One H100; 0.253 s is mean inter-chunk latency; duration scaling NR \\\\""}]"
shin2025motionstream,diffusion,2511.01266v5,https://arxiv.org/pdf/2511.01266v5,inherited-extraction; not fully rechecked,"[{""table"": ""tab:diffusion-methods-fast"", ""tex"": ""Motion\\allowbreak Stream~\\cite{shin2025motionstream} & Self Forcing, 3-NFE student, TinyVAE & 3 NFE/chunk & 29.5 FPS; 0.39 s reported latency & One H100, 480p; complete timing boundary NR; general motion task \\\\""}, {""table"": ""tab:diffusion-methods-long"", ""tex"": ""Motion\\allowbreak Stream~\\cite{shin2025motionstream} & Three-frame chunks; one fixed sink and one rolling recent window & Self Forcing (L4), fixed-state rolling KV (L1), cache-relative RoPE (L3) & Quantitative: 241 frames (about 15 s); claimed: indefinite & One H100, 480p; general-motion task; fixed sink restricts scene changes \\\\""}]"
sun2026streamavatar,diffusion,2512.22065v2,https://arxiv.org/pdf/2512.22065v2,inherited-extraction; not fully rechecked,"[{""table"": ""tab:diffusion-methods-fast"", ""tex"": ""Stream\\allowbreak Avatar~\\cite{sun2026streamavatar} & 3-step student, two-GPU DiT/VAE pipeline & 3 steps; strict NFE NR & About 1.20 s to first output & Two H800, $928\\times704$; 25 FPS is playback setting \\\\""}, {""table"": ""tab:diffusion-methods-long"", ""tex"": ""Stream\\allowbreak Avatar~\\cite{sun2026streamavatar} & 3-step local window, two-device pipeline & Reference Sink (L1), RAPR (L3), self-history (L4) & Quantitative: 20 s protocol; demonstration-only: about 150 s & About 1.20 s first output; two H800 \\\\""}]"
li2026hallo,diffusion,2604.23632v1,https://arxiv.org/pdf/2604.23632v1,inherited-extraction; not fully rechecked,"[{""table"": ""tab:diffusion-methods-fast"", ""tex"": ""Hallo-Live~\\cite{li2026hallo} & Preference DMD, asynchronous audio/video & Steps / NFE NR & 20.38 FPS; 0.94 s reported latency & Two H200; resolution and complete boundary NR \\\\""}]"
cho2026lip,diffusion,2606.11180v1,https://arxiv.org/pdf/2606.11180v1,inherited-extraction; not fully rechecked,"[{""table"": ""tab:diffusion-methods-fast"", ""tex"": ""Lip Forcing~\\cite{cho2026lip} & 2-step SW-DMD, rolling KV, TAE & 2 denoising NFE + 1 cache call & 31.58 / 15.11 FPS (1.3B / 14B) & One H100, $512^2$; excludes speech preprocessing, detection, and paste-back \\\\""}, {""table"": ""tab:diffusion-methods-long"", ""tex"": ""Lip Forcing~\\cite{cho2026lip} & 2 denoising NFE + clean-KV call; 7-latent cache & Sink (L1), pre-RoPE KV and dynamic RoPE (L3), SW-DMD (L4) & Quantitative: up to 6 min & One H100, 31.58/15.11 FPS; speech pre-encoded offline \\\\""}]"
wang2026flowact,diffusion,2601.10103v1,https://arxiv.org/pdf/2601.10103v1,inherited-extraction; not fully rechecked,"[{""table"": ""tab:diffusion-methods-fast"", ""tex"": ""FlowAct-R1~\\cite{wang2026flowact} & Base stream, FP8, parallel and asynchronous decode & 3 base-cycle NFE, no CFG; refinement NFE NR & 25 FPS; about 1.5 s TTFF & 480p, A100 platform; GPU count, repair/MLLM timing inclusion, and full boundary NR \\\\""}, {""table"": ""tab:diffusion-methods-long"", ""tex"": ""FlowAct-R1~\\cite{wang2026flowact} & Chunkwise generation with fixed structured memory & Reference/long/short memory (L2), Memory Refinement, generated-GT replacement (L4) & Quantitative: longest rollout NR; claimed: arbitrary duration & 25 FPS / about 1.5 s TTFF; repair/MLLM timing inclusion NR \\\\""}]"
huang2025live,diffusion,source unavailable in audit cache,https://arxiv.org/abs/2512.04677,inherited-extraction; not fully rechecked,"[{""table"": ""tab:diffusion-methods-fast"", ""tex"": ""Live Avatar~\\cite{huang2025live} & 4-step DMD, noisy KV, TPP, FP8/VAE pipeline & 4 NFE & 45.2 FPS; 1.21 s TTFF & Five H800, $720\\times400$; TTFF excludes network; about 3 s network-inclusive end-to-end latency \\\\""}, {""table"": ""tab:diffusion-methods-long"", ""tex"": ""Live Avatar~\\cite{huang2025live} & Three-latent chunks; four-block rolling, per-step local KV & History Corrupt (L4), AAS (L1), Rolling RoPE (L3) & Quantitative: over 5 min and sampled to 10000--10010 s with looped speech & Five H800, 45.2 FPS / 1.21 s TTFF; static-scene prior \\\\""}]"
shen2026soulxflashtalkrealtimeinfinitestreaming,diffusion,2512.23379v3,https://arxiv.org/pdf/2512.23379v3,inherited-extraction; not fully rechecked,"[{""table"": ""tab:diffusion-methods-fast"", ""tex"": ""SoulX-FlashTalk~\\cite{shen2026soulxflashtalkrealtimeinfinitestreaming} & 4-NFE DMD, multi-block correction, pipeline & 4 NFE & 32 FPS; 0.87 s startup & Eight H800, $720\\times416$ \\\\""}, {""table"": ""tab:diffusion-methods-long"", ""tex"": ""SoulX-FlashTalk~\\cite{shen2026soulxflashtalkrealtimeinfinitestreaming} & Five history + 28 new frames per cycle & Multi-block retrospective self-correction (L4) & Quantitative: over 5 min; demonstration-only: 1000 s & Eight H800, 32 FPS, 0.87 s startup \\\\""}]"
yu2026soulx,diffusion,2602.07449v3,https://arxiv.org/pdf/2602.07449v3,inherited-extraction; not fully rechecked,"[{""table"": ""tab:diffusion-methods-fast"", ""tex"": ""SoulX-FlashHead~\\cite{yu2026soulx} & 1.3B DiT, compressed latent, DMD & Exact steps / NFE NR & Lite 96 FPS; Pro 10.81 FPS & Paper conflicts between one H20 and RTX 4090 for the Lite result \\\\""}, {""table"": ""tab:diffusion-methods-long"", ""tex"": ""SoulX-FlashHead~\\cite{yu2026soulx} & Blockwise generation with trailing 8 s speech context & Oracle-guided self-history (L4) and reference latent (L1) & Demonstration-only: 60 s & Hardware reports conflict (H20 vs. RTX 4090) \\\\""}]"
zhen2026soulx,diffusion,2603.11746v2,https://arxiv.org/pdf/2603.11746v2,inherited-extraction; not fully rechecked,"[{""table"": ""tab:diffusion-methods-fast"", ""tex"": ""SoulX-LiveAct~\\cite{zhen2026soulx} & DMD, Neighbor Forcing, ConvKV, FP8 & 3 sampling steps; strict NFE NR & 20 FPS; 0.94 s latency (definition NR) & Two H100 or H200; codec and conditioning boundary NR \\\\""}, {""table"": ""tab:diffusion-methods-long"", ""tex"": ""SoulX-LiveAct~\\cite{zhen2026soulx} & Same-step Neighbor Forcing; fixed 2/2/2 context & ConvKV-compressed history (L2) and reference anchor (L1) & Claimed: hour-scale/unbounded mechanism; demonstration-only duration: NR & Two H100/H200, 20 FPS; 0.94 s definition NR \\\\""}]"
liang2026avatar,diffusion,2606.13872v1,https://arxiv.org/pdf/2606.13872v1,inherited-extraction; not fully rechecked,"[{""table"": ""tab:diffusion-methods-fast"", ""tex"": ""Avatar~V~\\cite{liang2026avatar} & CFG/DMD distillation, reference KV, USP & 24 base-DiT steps + 1-step SR & About $3\\times$ relative latency reduction & Eight GPUs of unspecified model; no absolute latency, FPS, or RTF \\\\""}, {""table"": ""tab:diffusion-methods-long"", ""tex"": ""Avatar~V~\\cite{liang2026avatar} & About 6.4 s recurrent chunks; two-frame overlap & Appearance anchor (L1), motion propagation (L5), reference-KV reuse & Claimed: unbounded length; quantitative duration: NR & Eight unspecified GPUs; no absolute latency or FPS \\\\""}]"
cui2025hallo2,diffusion,2410.07718v2,https://arxiv.org/pdf/2410.07718v2,inherited-extraction; not fully rechecked,"[{""table"": ""tab:diffusion-methods-long"", ""tex"": ""Hallo2~\\cite{cui2025hallo2} & Segmented long video with patch-drop/noise augmentation & Robustness to corrupted history (L4); separate 4K enhancer & Quantitative: 4 min at $512^2$, enhancer off; claimed: hour-long & NFE, FPS, latency, and inference hardware NR \\\\""}]"
tu2025stableavatar,diffusion,2508.08248v1,https://arxiv.org/pdf/2508.08248v1,inherited-extraction; not fully rechecked,"[{""table"": ""tab:diffusion-methods-long"", ""tex"": ""StableAvatar~\\cite{tu2025stableavatar} & Dynamic weighted sliding window; window length NR & First-frame/history conditioning (L1/L5) and full-sequence training & Quantitative: Long100, 100 clips of 2--5 min & 2.32 min per 81-frame sample at $480\\times832$; offline \\\\""}]"
li2025joyavatar,diffusion,2512.11423v3,https://arxiv.org/pdf/2512.11423v3,inherited-extraction; not fully rechecked,"[{""table"": ""tab:diffusion-methods-long"", ""tex"": ""JoyAvatar-Flash~\\cite{li2025joyavatar} & 4-step steady state; 8/7/6/5 startup steps & PSB, MCI (L5), URCR (L3) & Quantitative: NR; demonstration-only: 120 s; claimed: unbounded (theoretical) & Single-GPU DiT 16.2 FPS; end-to-end latency NR \\\\""}]"
chern2025livetalk,diffusion,2512.23576v1,https://arxiv.org/pdf/2512.23576v1,inherited-extraction; not fully rechecked,"[{""table"": ""tab:diffusion-methods-long"", ""tex"": ""LiveTalk~\\cite{chern2025livetalk} & 4-step rolling window & Three identity sinks (L1), two rolling slots, on-policy distillation (L4) & Claimed: several minutes; demonstration-only: 100 s & Unspecified single GPU, 24.82 FPS / 0.33 s \\\\""}]"
meng2026echotorrent,diffusion,2602.13669v5,https://arxiv.org/pdf/2602.13669v5,inherited-extraction; not fully rechecked,"[{""table"": ""tab:diffusion-methods-long"", ""tex"": ""EchoTorrent~\\cite{meng2026echotorrent} & 4 NFE chunkwise generation & Reference sink (L1) and tail-only forcing (L4) & Demonstration-only: 1000 s & Eight A100, 10.50 FPS; timing boundary NR \\\\""}]"
zeng2026lpm,diffusion,2604.07823v2,https://arxiv.org/pdf/2604.07823v2,inherited-extraction; not fully rechecked,"[{""table"": ""tab:diffusion-methods-long"", ""tex"": ""LPM~1.0~\\cite{zeng2026lpm} & 2-NFE generator + 1-NFE refiner & Sink/reference token (L1), pre-RoPE KV (L3), duplex conditions & Duration-binned metrics: NR; benchmark inputs up to 1 h; demonstration-only: 60,000 s timeline; claimed: unbounded & 0.35 s is one DiT component \\\\""}]"
lu2026asymtalker,diffusion,2605.02948v3,https://arxiv.org/pdf/2605.02948v3,inherited-extraction; not fully rechecked,"[{""table"": ""tab:diffusion-methods-long"", ""tex"": ""AsymTalker~\\cite{lu2026asymtalker} & 4-step block generation & TRE and asymmetric GT/self-history distillation (L4) & Quantitative: FID/ArcFace at 5/50/150/300/600 s & One A100, 66.02 FPS for 30 s at $512^2$; full boundary NR \\\\""}]"
chen2025midas,autoregressive,2508.19320v2,https://arxiv.org/pdf/2508.19320v2,inherited-extraction; not fully rechecked,"[{""table"": ""tab:ar-evidence"", ""tex"": ""MIDAS~\\cite{chen2025midas}; native AR visual owner & Qwen2.5-3B next-frame state; at most 60 tokens/frame; four-step, approximately 0.5B local diffusion head; DC-AE decode & Five-frame codec history and eight-block AR truncation; cache implementation and reset NR & Inference hardware, measured FPS, TTFF, and inter-block latency NR; 480~ms is media span and 25~FPS is media rate & Claimed: one hour, identity-specific author statement; quantitative: NR; demonstration-only: four minutes, qualitative \\\\""}]"
ao2024body,autoregressive,2408.02879v1,https://arxiv.org/pdf/2408.02879v1,inherited-extraction; not fully rechecked,"[{""table"": ""tab:ar-evidence"", ""tex"": ""Body of Her~\\cite{ao2024body}; native AR visual owner & Framewise Transformer state; current-frame continuous tokens sampled in parallel by a compact diffusion head; video decode & Context capacity, cache growth/eviction, and reset NR & Author reports a 24~FPS media rate and 42~ms/next frame at $640\\times360$; inference hardware and included components NR & Claimed: NR; quantitative: NR; demonstration-only: NR \\\\""}]"
pang2025unimo,autoregressive,2512.03918v1,https://arxiv.org/pdf/2512.03918v1,inherited-extraction; not fully rechecked,"[{""table"": ""tab:ar-evidence"", ""tex"": ""UniMo~\\cite{pang2025unimo}; native visual AR, general-task bridge & Interleaved causal sequence of Cosmos 2D visual tokens and quantized 3D motion tokens; modality-specific embeddings and decoders & Prior visual and motion tokens form causal context; deployment cache, window, eviction, and reset contract NR & General human video--motion generation; no matched conversational-avatar TTFF or component ledger & Claimed or quantitative conversational long-horizon evidence NR; not a real-time dyadic deployment \\\\""}]"
weng2026eartalking,autoregressive,2603.20307v1,https://arxiv.org/pdf/2603.20307v1,inherited-extraction; not fully rechecked,"[{""table"": ""tab:ar-evidence"", ""tex"": ""EARTalking \\cite{weng2026eartalking}; native AR visual owner & Framewise 3D-VAE visual state with frame-level control; local frame emission and decode & Sink-frame anchor, sliding KV window, and cyclic positions; reset and recovery behavior NR & Reported media and runtime statements are not used as common end-to-end latency without a matched component ledger & Claimed horizon and qualitative demonstrations are not accompanied by a minute/hour time-binned stability protocol \\\\""}]"
guo2021ad,rendering,publication PDF; edition requires inspection,https://openaccess.thecvf.com/content/ICCV2021/html/Guo_AD-NeRF_Audio_Driven_Neural_Radiance_Fields_for_Talking_Head_Synthesis_ICCV_2021_paper.html,inherited-extraction; not fully rechecked,"[{""table"": ""tab:render-evidence-boundaries"", ""tex"": ""AD-NeRF~\\cite{guo2021ad} & Head/torso fields; target-specific, 3--5-min video & Audio-conditioned fields; separate head/torso render & $\\sim$12 s/frame, $450^2$, RTX~3090; frame rendering; $\\sim$36 h training & NR \\\\""}]"
hong2022headnerf,rendering,2112.05637v3,https://arxiv.org/pdf/2112.05637v3,inherited-extraction; not fully rechecked,"[{""table"": ""tab:render-evidence-boundaries"", ""tex"": ""HeadNeRF~\\cite{hong2022headnerf} & Parametric head field; latent fitting required & $32^2$ feature render $\\rightarrow$ 2D decoder to $256^2$ & $\\sim$25 ms/frame ($>40$ FPS); GPU NR; excludes fitting/tracking/I/O & NR \\\\""}]"
tang2025real,rendering,2211.12368v1,https://arxiv.org/pdf/2211.12368v1,inherited-extraction; not fully rechecked,"[{""table"": ""tab:render-evidence-boundaries"", ""tex"": ""RAD-NeRF~\\cite{tang2025real} & Head field plus 2D torso; target-specific & Audio grid, spatial hash, occupancy-pruned render & 40 FPS, one V100; resolution/timer coverage NR; $\\sim$7 h training & NR \\\\""}]"
li2023efficient,rendering,2307.09323v2,https://arxiv.org/pdf/2307.09323v2,inherited-extraction; not fully rechecked,"[{""table"": ""tab:render-evidence-boundaries"", ""tex"": ""ER-NeRF~\\cite{li2023efficient} & Tri-plane head field plus 2D torso; target-specific & Audio control, regional attention, field render & 34 FPS, $450^2$, RTX~3080~Ti; component/I/O boundary NR & NR \\\\""}]"
yu2024gaussiantalker,rendering,2404.14037v3,https://arxiv.org/pdf/2404.14037v3,inherited-extraction; not fully rechecked,"[{""table"": ""tab:render-evidence-boundaries"", ""tex"": ""Gaussian\\allowbreak Talker~\\cite{yu2024gaussiantalker} & FLAME-bound face Gaussians; target-specific & Blendshapes $\\rightarrow$ splat/inpaint; outside-face source pixels retained & 130 FPS, RTX~4090, preloaded; 36 FPS Apple M1; resolution/full timer NR; $\\sim$10 h training & NR \\\\""}]"
shao2024splattingavatar,rendering,publication PDF; edition requires inspection,https://openaccess.thecvf.com/content/CVPR2024/html/Shao_SplattingAvatar_Realistic_Real-Time_Human_Avatars_with_Mesh-Embedded_Gaussian_Splatting_CVPR_2024_paper.html,inherited-extraction; not fully rechecked,"[{""table"": ""tab:render-evidence-boundaries"", ""tex"": ""Splatting\\allowbreak Avatar~\\cite{shao2024splattingavatar} & Mesh-embedded head/body Gaussians; tracked mesh required & Mesh deformation $\\rightarrow$ direct splatting & $>300$ FPS RTX~3090; 30 FPS iPhone~13; resolution/full timer NR & NR \\\\""}]"
xiang2024flashavatar,rendering,2312.02214v2,https://arxiv.org/pdf/2312.02214v2,inherited-extraction; not fully rechecked,"[{""table"": ""tab:render-evidence-boundaries"", ""tex"": ""FlashAvatar~\\cite{xiang2024flashavatar} & FLAME-surface head Gaussians; 1--3-min target video & FLAME/residual deformation $\\rightarrow$ direct splatting & 304 FPS, $512^2$, RTX~3090; animation/render only & NR \\\\""}]"
chen2025taoavatar,rendering,source unavailable in audit cache,https://arxiv.org/abs/2503.17032,inherited-extraction; not fully rechecked,"[{""table"": ""tab:render-evidence-boundaries"", ""tex"": ""TaoAvatar~\\cite{chen2025taoavatar} & Full-body Gaussians with baked deformation; multi-view capture & Tracked control $\\rightarrow$ lightweight MLP $\\rightarrow$ splatting & 90 FPS on Apple Vision Pro; full pipeline coverage NR & NR \\\\""}]"
he2025lam,rendering,2502.17796v2,https://arxiv.org/pdf/2502.17796v2,inherited-extraction; not fully rechecked,"[{""table"": ""tab:render-evidence-boundaries"", ""tex"": ""LAM~\\cite{he2025lam} & One-shot feed-forward Gaussian head & Blendshape/joint control $\\rightarrow$ direct splatting & Source reports cross-platform real-time rendering; full timer NR & NR \\\\""}]"
guo2024liveportrait,rendering,2407.03168v2,https://arxiv.org/pdf/2407.03168v2,inherited-extraction; not fully rechecked,"[{""table"": ""tab:render-evidence-boundaries"", ""tex"": ""LivePortrait~\\cite{guo2024liveportrait} & Source feature volume; one-shot & Implicit motion, feature warp/decoder; optional paste-back & $12.8$ ms model generation, RTX~4090; resolution/E2E boundary NR & NR \\\\""}]"
xu2024vasa,rendering,2404.10667v2,https://arxiv.org/pdf/2404.10667v2,inherited-extraction; not fully rechecked,"[{""table"": ""tab:render-evidence-boundaries"", ""tex"": ""VASA-1~\\cite{xu2024vasa} & One-shot face latent appearance decoder & DiT motion diffusion in face latent space $\\rightarrow$ decoder & Up to 40 FPS at $512^2$, 170/95 ms latency, one/two RTX~4090; protocol-stated boundary & NR \\\\""}]"
zhen2025teller,rendering,publication PDF; edition requires inspection,https://openaccess.thecvf.com/content/CVPR2025/html/Zhen_Teller_Real-Time_Streaming_Audio-Driven_Portrait_Animation_with_Autoregressive_Motion_Generation_CVPR_2025_paper.html,inherited-extraction; not fully rechecked,"[{""table"": ""tab:render-evidence-boundaries"", ""tex"": ""Teller~\\cite{zhen2025teller} & Source-conditioned image features; personalization NR & AR motion $\\rightarrow$ warp/enhance RGB & Components $7/106/71$ ms; total $<200$ ms; machine with four H800; resolution/TTFF NR & NR \\\\""}]"
guo2025arig,rendering,publication PDF; edition requires inspection,https://openaccess.thecvf.com/content/ICCV2025/html/Guo_ARIG_Autoregressive_Interactive_Head_Generation_for_Real-time_Conversations_ICCV_2025_paper.html,inherited-extraction; not fully rechecked,"[{""table"": ""tab:render-evidence-boundaries"", ""tex"": ""ARIG~\\cite{guo2025arig} & Source-conditioned image features; one-shot & AR coefficients + 15-step DiffusionMLP $\\rightarrow$ LivePortrait-style warp & 31 FPS ``generation process''; device/resolution/component boundary NR & NR \\\\""}]"
chen2025dystream,rendering,2512.24408v2,https://arxiv.org/pdf/2512.24408v2,inherited-extraction; not fully rechecked,"[{""table"": ""tab:render-evidence-boundaries"", ""tex"": ""DyStream~\\cite{chen2025dystream} & Reference appearance volume; one-shot & AR/flow motion code $\\rightarrow$ dense flow warp/decode & 29.24 FPS, 34.2 ms packet-to-motion delay, one H200; render/display boundary NR & 180-s pose-drift ablation on ten 3-min clips \\\\""}]"
zhao2025rea,rendering,"ACM MM 2025 proceedings, DOI 10.1145/3746027.3755093",https://dl.acm.org/doi/10.1145/3746027.3755093,primary-source-unavailable; inherited timings unverified,"[{""table"": ""tab:render-evidence-boundaries"", ""tex"": ""REA-Listener~\\cite{zhao2025rea} & GAGAvatar 3DGS head; one-shot & Lightweight Transformer motion $\\rightarrow$ splat + inpaint & Six stages sum 33.14 ms/frame, RTX~3090; render is 21.45 ms & NR \\\\""}]"
zheng2023avatarrex,rendering,2305.04789v1,https://arxiv.org/pdf/2305.04789v1,inherited-extraction; not fully rechecked,"[{""table"": ""tab:render-evidence-boundaries"", ""tex"": ""{AvatarReX~\\cite{zheng2023avatarrex}} & {NeRF body/hands/face; full-body; multi-view (22 cams, $\\sim$2000 frames)} & {Parametric-template control $\\rightarrow$ deferred surface render} & {25 FPS, $1024^2$, RTX~3090; animation+render; $\\sim$2 orders faster than prior NeRF avatars} & {NR} \\\\""}]"
peng2024synctalk,rendering,publication PDF; edition requires inspection,https://openaccess.thecvf.com/content/CVPR2024/html/Peng_SyncTalk_The_Devil_is_in_the_Synchronization_for_Talking_Head_CVPR_2024_paper.html,inherited-extraction; not fully rechecked,"[{""table"": ""tab:render-evidence-boundaries"", ""tex"": ""{SyncTalk~\\cite{peng2024synctalk}} & {Tri-plane hash head field; head+torso; per-subject video ($\\sim$min)} & {Face/Head-Sync control $\\rightarrow$ field render + Portrait-Sync blend} & {52/50 FPS (w/o, w/ Portrait-Sync), $450^2$, RTX~3090, preloaded; $\\sim$2 h training} & {NR} \\\\""}]"
peng2025synctalkplusplus,unresolved,2506.14742v1,https://arxiv.org/pdf/2506.14742v1,inherited-extraction; not fully rechecked,"[{""table"": ""tab:render-evidence-boundaries"", ""tex"": ""{SyncTalk++~\\cite{peng2025synctalk++}} & {3DGS dynamic portrait; head+torso; per-subject video ($\\sim$min)} & {OOD-audio expression + Head-Sync $\\rightarrow$ splat + torso restore} & {101 FPS, $512^2$, RTX~4090; $\\sim$1.5 h training} & {NR} \\\\""}]"
cho2024gaussiantalker,rendering,2404.16012v2,https://arxiv.org/pdf/2404.16012v2,inherited-extraction; not fully rechecked,"[{""table"": ""tab:render-evidence-boundaries"", ""tex"": ""{Gaussian\\allowbreak Talker (Cho)~\\cite{cho2024gaussiantalker}} & {Audio-driven 3DGS head; per-subject video ($\\sim$4 min)} & {Spatial--audio attention $\\rightarrow$ per-frame Gaussian offsets $\\rightarrow$ splat} & {98 FPS (120 FPS lite), $512^2$; GPU NR} & {NR} \\\\""}]"
chugpavatar,rendering,2401.10215v1,https://arxiv.org/pdf/2401.10215v1,inherited-extraction; not fully rechecked,"[{""table"": ""tab:render-evidence-boundaries"", ""tex"": ""{GPAvatar~\\cite{chugpavatar}} & {Tri-plane+NeRF head; one-/few-shot, generalizable} & {FLAME point expression field + multi-image attention $\\rightarrow$ $128^2$ feature $\\rightarrow$ SR $512^2$} & {$\\sim$15 FPS, A100; author-labeled pre-real-time} & {NR} \\\\""}]"
chu2024generalizable,rendering,2410.07971v1,https://arxiv.org/pdf/2410.07971v1,inherited-extraction; not fully rechecked,"[{""table"": ""tab:render-evidence-boundaries"", ""tex"": ""{GAGAvatar~\\cite{chu2024generalizable}} & {3DGS head; one-shot single image, generalizable} & {Dual-lifting + FLAME expression Gaussians $\\rightarrow$ splat + neural refine} & {67 FPS, $512^2$, A100, 2.5 GB; driving-render only, excludes driving-param acquisition} & {NR} \\\\""}]"
li2025moda,rendering,2507.03256v3,https://arxiv.org/pdf/2507.03256v3,inherited-extraction; not fully rechecked,"[{""table"": ""tab:render-evidence-boundaries"", ""tex"": ""{MoDA~\\cite{li2025moda}} & {LivePortrait reused appearance; one-shot single image} & {Rectified-flow motion diffusion (50$\\rightarrow$10 steps) $\\rightarrow$ LivePortrait warp/decode} & {RTF 0.846 on wild data; inference GPU NR; trained 8$\\times$H20} & {NR} \\\\""}]"
