id,paperId,configuration,edition,sourceUrl,locations,boundary,fields
huang2025live--teacher,huang2025live,teacher,arXiv:2512.04677v6,https://arxiv.org/pdf/2512.04677v6,"Table 3, PDF p.12; Section 5.1, PDF p.10; Appendix D (timing definitions)",Source inference pipeline; TTFF excludes network. Configurations change device count and multiple system components.,"{""throughput"": {""status"": ""reported"", ""value"": 0.29, ""unit"": ""FPS""}, ""latency"": {""status"": ""reported"", ""value"": 45.5, ""unit"": ""s"", ""note"": ""Time to first frame""}, ""hardware"": {""status"": ""reported"", ""value"": ""1 NVIDIA H100""}, ""resolution"": {""status"": ""reported"", ""value"": ""720 × 400""}, ""duration"": {""status"": ""not-audited""}, ""stability"": {""status"": ""not-audited""}, ""nfe"": {""status"": ""reported"", ""value"": 80, ""unit"": ""calls""}}"
huang2025live--distilled,huang2025live,distilled,arXiv:2512.04677v6,https://arxiv.org/pdf/2512.04677v6,"Table 3, PDF p.12; Section 5.1, PDF p.10; Appendix D (timing definitions)",Source inference pipeline; TTFF excludes network. Configurations change device count and multiple system components.,"{""throughput"": {""status"": ""reported"", ""value"": 3.66, ""unit"": ""FPS""}, ""latency"": {""status"": ""reported"", ""value"": 4.56, ""unit"": ""s"", ""note"": ""Time to first frame""}, ""hardware"": {""status"": ""reported"", ""value"": ""1 NVIDIA H100""}, ""resolution"": {""status"": ""reported"", ""value"": ""720 × 400""}, ""duration"": {""status"": ""not-audited""}, ""stability"": {""status"": ""not-audited""}, ""nfe"": {""status"": ""reported"", ""value"": 5, ""unit"": ""calls""}}"
huang2025live--sequence-parallel,huang2025live,sequence parallel,arXiv:2512.04677v6,https://arxiv.org/pdf/2512.04677v6,"Table 3, PDF p.12; Section 5.1, PDF p.10; Appendix D (timing definitions)",Source inference pipeline; TTFF excludes network. Configurations change device count and multiple system components.,"{""throughput"": {""status"": ""reported"", ""value"": 4.5, ""unit"": ""FPS""}, ""latency"": {""status"": ""reported"", ""value"": 3.94, ""unit"": ""s"", ""note"": ""Time to first frame""}, ""hardware"": {""status"": ""reported"", ""value"": ""4 NVIDIA H100""}, ""resolution"": {""status"": ""reported"", ""value"": ""720 × 400""}, ""duration"": {""status"": ""not-audited""}, ""stability"": {""status"": ""not-audited""}, ""nfe"": {""status"": ""reported"", ""value"": 5, ""unit"": ""calls""}}"
huang2025live--timestep-pipeline,huang2025live,timestep pipeline,arXiv:2512.04677v6,https://arxiv.org/pdf/2512.04677v6,"Table 3, PDF p.12; Section 5.1, PDF p.10; Appendix D (timing definitions)",Source inference pipeline; TTFF excludes network. Configurations change device count and multiple system components.,"{""throughput"": {""status"": ""reported"", ""value"": 10.16, ""unit"": ""FPS""}, ""latency"": {""status"": ""reported"", ""value"": 4.73, ""unit"": ""s"", ""note"": ""Time to first frame""}, ""hardware"": {""status"": ""reported"", ""value"": ""4 NVIDIA H100""}, ""resolution"": {""status"": ""reported"", ""value"": ""720 × 400""}, ""duration"": {""status"": ""not-audited""}, ""stability"": {""status"": ""not-audited""}, ""nfe"": {""status"": ""reported"", ""value"": 4, ""unit"": ""calls""}}"
huang2025live--vae-parallel,huang2025live,vae parallel,arXiv:2512.04677v6,https://arxiv.org/pdf/2512.04677v6,"Table 3, PDF p.12; Section 5.1, PDF p.10; Appendix D (timing definitions)",Source inference pipeline; TTFF excludes network. Configurations change device count and multiple system components.,"{""throughput"": {""status"": ""reported"", ""value"": 20.88, ""unit"": ""FPS""}, ""latency"": {""status"": ""reported"", ""value"": 2.89, ""unit"": ""s"", ""note"": ""Time to first frame""}, ""hardware"": {""status"": ""reported"", ""value"": ""5 NVIDIA H100""}, ""resolution"": {""status"": ""reported"", ""value"": ""720 × 400""}, ""duration"": {""status"": ""not-audited""}, ""stability"": {""status"": ""not-audited""}, ""nfe"": {""status"": ""reported"", ""value"": 4, ""unit"": ""calls""}}"
huang2025live--full-kernel-optimized,huang2025live,full kernel optimized,arXiv:2512.04677v6,https://arxiv.org/pdf/2512.04677v6,"Table 3, PDF p.12; Section 5.1, PDF p.10; Appendix D (timing definitions); Appendix C.1, Table 7, PDF p.20; Section 5.3, Table 4, PDF p.12; Appendix C.4, Table 10, PDF pp.23–24 (TTFF discrepancy)",Source inference pipeline; TTFF excludes network. Configurations change device count and multiple system components.,"{""throughput"": {""status"": ""reported"", ""value"": 45.2, ""unit"": ""FPS""}, ""latency"": {""status"": ""conflict"", ""value"": 1.21, ""unit"": ""s"", ""note"": ""Table 3 reports 1.21 s TTFF; Table 10 reports 0.94 s for the stated default three-latent block. The configuration discrepancy is unresolved.""}, ""hardware"": {""status"": ""reported"", ""value"": ""5 NVIDIA H100""}, ""resolution"": {""status"": ""reported"", ""value"": ""720 × 400""}, ""duration"": {""status"": ""reported"", ""value"": ""0–10, 100–110, 1000–1010, 10000–10010"", ""unit"": ""s"", ""note"": ""Sampled windows; approximately seven-minute speech inputs repeated""}, ""stability"": {""status"": ""reported"", ""value"": ""Q-Align aesthetic/image quality, Sync-C, DINOv2 similarity"", ""note"": ""Quantitative sampled-window evidence, not continuous monitoring""}, ""nfe"": {""status"": ""reported"", ""value"": 4, ""unit"": ""calls""}}"
li2026personalive--svd-vae,li2026personalive,svd vae,arXiv:2512.11253v1,https://arxiv.org/pdf/2512.11253v1,"Supplementary Table 4, PDF p.14; Section 5.2 (runtime setup), PDF p.7",Within-paper decoder replacement; animation inference on one H100. FPS is not TTFF.,"{""throughput"": {""status"": ""reported"", ""value"": 11.4, ""unit"": ""FPS""}, ""latency"": {""status"": ""not-reported"", ""note"": ""Decoder-specific latency not in Table 4""}, ""hardware"": {""status"": ""reported"", ""value"": ""1 NVIDIA H100""}, ""resolution"": {""status"": ""reported"", ""value"": ""512 × 512""}, ""duration"": {""status"": ""not-reported"", ""note"": ""Decoder-ablation duration not specified in Table 4""}, ""stability"": {""status"": ""reported"", ""value"": {""ID-SIM"": 0.692, ""AED"": 0.7452, ""APD"": 0.0489, ""tLP"": 12.97}, ""note"": ""Source decoder ablation; not a duration-binned comparison""}}"
li2026personalive--sd-vae,li2026personalive,sd vae,arXiv:2512.11253v1,https://arxiv.org/pdf/2512.11253v1,"Supplementary Table 4, PDF p.14; Section 5.2 (runtime setup), PDF p.7",Within-paper decoder replacement; animation inference on one H100. FPS is not TTFF.,"{""throughput"": {""status"": ""reported"", ""value"": 15.8, ""unit"": ""FPS""}, ""latency"": {""status"": ""reported"", ""value"": 0.253, ""unit"": ""s"", ""note"": ""Default SD-VAE mean inter-chunk latency; only this configuration""}, ""hardware"": {""status"": ""reported"", ""value"": ""1 NVIDIA H100""}, ""resolution"": {""status"": ""reported"", ""value"": ""512 × 512""}, ""duration"": {""status"": ""not-reported"", ""note"": ""Decoder-ablation duration not specified in Table 4""}, ""stability"": {""status"": ""reported"", ""value"": {""ID-SIM"": 0.6983, ""AED"": 0.7028, ""APD"": 0.0305, ""tLP"": 12.83}, ""note"": ""Source decoder ablation; not a duration-binned comparison""}}"
li2026personalive--tinyvae,li2026personalive,tinyvae,arXiv:2512.11253v1,https://arxiv.org/pdf/2512.11253v1,"Supplementary Table 4, PDF p.14; Section 5.2 (runtime setup), PDF p.7",Within-paper decoder replacement; animation inference on one H100. FPS is not TTFF.,"{""throughput"": {""status"": ""reported"", ""value"": 20, ""unit"": ""FPS""}, ""latency"": {""status"": ""not-reported"", ""note"": ""Decoder-specific latency not in Table 4""}, ""hardware"": {""status"": ""reported"", ""value"": ""1 NVIDIA H100""}, ""resolution"": {""status"": ""reported"", ""value"": ""512 × 512""}, ""duration"": {""status"": ""not-reported"", ""note"": ""Decoder-ablation duration not specified in Table 4""}, ""stability"": {""status"": ""reported"", ""value"": {""ID-SIM"": 0.6758, ""AED"": 0.7593, ""APD"": 0.0489, ""tLP"": 14.66}, ""note"": ""Source decoder ablation; not a duration-binned comparison""}}"
weng2026eartalking--full,weng2026eartalking,full,arXiv:2603.20307v1,https://arxiv.org/pdf/2603.20307v1,"Section 4.1 and Algorithm 1, PDF p.6; Table 3, Figure 5 and limitations, PDF p.8",36 spatial masked-AR steps and 25 local denoising steps; ten-latent-frame window. Numeric runtime and inference hardware are not reported in the checked v1 paper.,"{""throughput"": {""status"": ""not-reported""}, ""latency"": {""status"": ""not-reported""}, ""hardware"": {""status"": ""not-reported""}, ""resolution"": {""status"": ""reported"", ""value"": ""512 × 512"", ""note"": ""Source experimental setup""}, ""duration"": {""status"": ""reported"", ""value"": ""3 × training-window length"", ""note"": ""Qualitative Figure 5, not a minute-scale time-binned test""}, ""stability"": {""status"": ""reported"", ""value"": {""FID"": 18.981, ""FVD"": 363.909, ""Sync-C"": 5.707}, ""note"": ""Table 3 component ablation""}}"
weng2026eartalking--without-noise,weng2026eartalking,without noise,arXiv:2603.20307v1,https://arxiv.org/pdf/2603.20307v1,"Section 4.1 and Algorithm 1, PDF p.6; Table 3, Figure 5 and limitations, PDF p.8",36 spatial masked-AR steps and 25 local denoising steps; ten-latent-frame window. Numeric runtime and inference hardware are not reported in the checked v1 paper.,"{""throughput"": {""status"": ""not-reported""}, ""latency"": {""status"": ""not-reported""}, ""hardware"": {""status"": ""not-reported""}, ""resolution"": {""status"": ""reported"", ""value"": ""512 × 512"", ""note"": ""Source experimental setup""}, ""duration"": {""status"": ""reported"", ""value"": ""3 × training-window length"", ""note"": ""Qualitative Figure 5, not a minute-scale time-binned test""}, ""stability"": {""status"": ""reported"", ""value"": {""FID"": 20.643, ""FVD"": 401.354, ""Sync-C"": 4.277}, ""note"": ""Table 3 component ablation""}}"
weng2026eartalking--without-anchor,weng2026eartalking,without anchor,arXiv:2603.20307v1,https://arxiv.org/pdf/2603.20307v1,"Section 4.1 and Algorithm 1, PDF p.6; Table 3, Figure 5 and limitations, PDF p.8",36 spatial masked-AR steps and 25 local denoising steps; ten-latent-frame window. Numeric runtime and inference hardware are not reported in the checked v1 paper.,"{""throughput"": {""status"": ""not-reported""}, ""latency"": {""status"": ""not-reported""}, ""hardware"": {""status"": ""not-reported""}, ""resolution"": {""status"": ""reported"", ""value"": ""512 × 512"", ""note"": ""Source experimental setup""}, ""duration"": {""status"": ""reported"", ""value"": ""3 × training-window length"", ""note"": ""Qualitative Figure 5, not a minute-scale time-binned test""}, ""stability"": {""status"": ""reported"", ""value"": {""FID"": 42.298, ""FVD"": 489.197, ""Sync-C"": 4.067}, ""note"": ""Table 3 component ablation""}}"
chen2025midas--reported-architecture,chen2025midas,reported architecture,arXiv:2508.19320v2,https://arxiv.org/pdf/2508.19320v2,"Sections 3.2–3.3, Figures 2–4, PDF pp.4–7; Sections 3.4–3.5, PDF p.8; Sections 4.1–4.2, PDF pp.9–10","Dense frame-state AR with a four-step local head. 25 FPS and 480 ms denote media rate/span, not measured runtime.","{""throughput"": {""status"": ""not-reported""}, ""latency"": {""status"": ""not-reported""}, ""hardware"": {""status"": ""not-reported""}, ""resolution"": {""status"": ""reported"", ""value"": ""up to 384 × 640"", ""note"": ""Source token-budget example""}, ""duration"": {""status"": ""reported"", ""value"": ""one hour"", ""note"": ""Author claim; four-minute qualitative demonstration; no time-binned quantitative study""}, ""stability"": {""status"": ""not-reported"", ""note"": ""Longitudinal quantitative measurements""}}"
ao2024body--next-frame,ao2024body,next frame,arXiv:2408.02879v1,https://arxiv.org/pdf/2408.02879v1,"Section 2 and Figure 2, PDF pp.2–3; inference implementation, PDF p.5",Author reports time to next frame; included pipeline stages and device are not disclosed.,"{""throughput"": {""status"": ""not-reported"", ""note"": ""24 FPS is media rate""}, ""latency"": {""status"": ""reported"", ""value"": 42, ""unit"": ""ms"", ""note"": ""Next-frame time; not TTFF""}, ""hardware"": {""status"": ""not-reported""}, ""resolution"": {""status"": ""reported"", ""value"": ""640 × 360""}, ""duration"": {""status"": ""not-reported""}, ""stability"": {""status"": ""not-reported"", ""note"": ""Time-binned long-session evaluation""}}"
wang2023styleavatar--tensorrt-model,wang2023styleavatar,tensorrt model,arXiv:2305.00942v1,https://arxiv.org/pdf/2305.00942v1,"Sections 3.1–3.4, PDF pp.3–5",Model-only GPU timing,"{""throughput"": {""status"": ""not-reported""}, ""latency"": {""status"": ""reported"", ""value"": 20, ""unit"": ""ms/frame"", ""note"": ""Frame time; not TTFF""}, ""hardware"": {""status"": ""reported"", ""value"": ""1 RTX 3090""}, ""resolution"": {""status"": ""reported"", ""value"": ""1024 × 1024"", ""note"": ""Source image representation""}, ""duration"": {""status"": ""not-reported""}, ""stability"": {""status"": ""not-reported"", ""note"": ""Longitudinal output measurements""}}"
wang2023styleavatar--live-system,wang2023styleavatar,live system,arXiv:2305.00942v1,https://arxiv.org/pdf/2305.00942v1,"Sections 3.1–3.4, PDF pp.3–5","Tracking, OpenGL rendering and two FP16 TensorRT StyleUNets; source also reports 35 FPS (rounded)","{""throughput"": {""status"": ""reported"", ""value"": 35, ""unit"": ""FPS""}, ""latency"": {""status"": ""reported"", ""value"": 28, ""unit"": ""ms/frame"", ""note"": ""Frame time; not TTFF""}, ""hardware"": {""status"": ""reported"", ""value"": ""1 RTX 3090""}, ""resolution"": {""status"": ""reported"", ""value"": ""1024 × 1024"", ""note"": ""Source image representation""}, ""duration"": {""status"": ""not-reported""}, ""stability"": {""status"": ""not-reported"", ""note"": ""Longitudinal output measurements""}}"
chen2025dystream--five-step,chen2025dystream,five step,arXiv:2512.24408v2,https://arxiv.org/pdf/2512.24408v2,"Table 4, PDF p.8; Anchor ablation text, PDF p.6; Figure 4, PDF p.7",Audio Packet Delay ends at motion generation; warp/render/display inclusion is not established.,"{""throughput"": {""status"": ""reported"", ""value"": 29.24, ""unit"": ""FPS"", ""note"": ""Source inference table""}, ""latency"": {""status"": ""reported"", ""value"": 34.2, ""unit"": ""ms"", ""note"": ""Audio packet to motion; not RGB TTFF""}, ""hardware"": {""status"": ""reported"", ""value"": ""1 H200""}, ""resolution"": {""status"": ""not-reported"", ""note"": ""For the motion timing boundary""}, ""duration"": {""status"": ""reported"", ""value"": 180, ""unit"": ""s"", ""note"": ""Ten three-minute clips in pose-drift ablation""}, ""stability"": {""status"": ""reported"", ""value"": ""Head-pose drift"", ""note"": ""Partial longitudinal evidence""}}"
li2025joyavatar--dit-component,li2025joyavatar,dit component,arXiv:2512.11423v3,https://arxiv.org/pdf/2512.11423v3,"Section 3.4, PDF p.6; Table 1 and Table 3, PDF p.8; Figure 7, PDF p.9",16.2 FPS times the DiT component; full-pipeline latency is not supplied by that value.,"{""throughput"": {""status"": ""reported"", ""value"": 16.2, ""unit"": ""FPS""}, ""latency"": {""status"": ""not-reported""}, ""hardware"": {""status"": ""reported"", ""value"": ""single GPU"", ""note"": ""Model unspecified in timing table""}, ""resolution"": {""status"": ""not-audited""}, ""duration"": {""status"": ""reported"", ""value"": 120, ""unit"": ""s"", ""note"": ""Qualitative Figure 7, not time-binned numeric metrics""}, ""stability"": {""status"": ""reported"", ""value"": ""Boundary flicker and later artifacts"", ""note"": ""Source visual and component ablations""}}"
zhen2026soulx--bounded-memory,zhen2026soulx,bounded memory,arXiv:2603.11746v2,https://arxiv.org/pdf/2603.11746v2,"Section 3 (Neighbor Forcing and ConvKV Memory), PDF pp.3–5; abstract, PDF p.1",Source headline inference configuration; complete timing boundary remains unspecified.,"{""throughput"": {""status"": ""reported"", ""value"": 20, ""unit"": ""FPS""}, ""latency"": {""status"": ""not-audited""}, ""hardware"": {""status"": ""reported"", ""value"": ""2 H100 or H200""}, ""resolution"": {""status"": ""not-audited""}, ""duration"": {""status"": ""reported"", ""value"": ""hour-scale"", ""note"": ""Author claim, not a time-binned result""}, ""stability"": {""status"": ""not-reported"", ""note"": ""Duration-binned output metrics""}}"
xie2025x--hybrid-assignment,xie2025x,hybrid assignment,arXiv:2509.21574v1,https://arxiv.org/pdf/2509.21574v1,"Sections 3.1–3.2, Eq.3, PDF pp.5–6",Architecture audit; not a timing extraction.,"{""throughput"": {""status"": ""not-audited""}, ""latency"": {""status"": ""not-audited""}, ""hardware"": {""status"": ""not-audited""}, ""resolution"": {""status"": ""not-audited""}, ""duration"": {""status"": ""not-audited""}, ""stability"": {""status"": ""not-audited""}}"
guo2024liveportrait--hybrid-assignment,guo2024liveportrait,hybrid assignment,arXiv:2407.03168v2,https://arxiv.org/pdf/2407.03168v2,"Section 3, Figure 2 (appearance volume, motion, warping and generation)",Architecture audit; the baseline table's 12.8 ms is preserved separately and not reclassified as TTFF.,"{""throughput"": {""status"": ""not-audited""}, ""latency"": {""status"": ""not-audited""}, ""hardware"": {""status"": ""not-audited""}, ""resolution"": {""status"": ""not-audited""}, ""duration"": {""status"": ""not-audited""}, ""stability"": {""status"": ""not-audited""}}"
agarwal2026gaussianheadtalk--failure-evidence,agarwal2026gaussianheadtalk,failure evidence,WACV 2026 proceedings,https://openaccess.thecvf.com/content/WACV2026/papers/Agarwal_GaussianHeadTalk_Wobble-Free_3D_Talking_Heads_with_Audio_Driven_Gaussian_Splatting_WACV_2026_paper.pdf,"Figures 3–4 and Section 4.1, PDF p.6 (proceedings p.8022)","Source-reported wobble and mouth-detail evidence, not a newly run survey experiment.","{""throughput"": {""status"": ""not-audited""}, ""latency"": {""status"": ""not-audited""}, ""hardware"": {""status"": ""not-audited""}, ""resolution"": {""status"": ""not-audited""}, ""duration"": {""status"": ""not-reported"", ""note"": ""Absolute timestamps of displayed panels; Figure 3 columns are ten frames apart""}, ""stability"": {""status"": ""reported"", ""value"": ""Image-difference wobble and mouth/teeth comparisons"", ""note"": ""Short-horizon partial evidence; source temporal stability metric also described in Section 3.3""}}"
